,richness
0,3.2692095452865466
1,2.612111750553222
2,3.067892615099225
3,3.243093438175001
4,3.2063879399269184
5,2.9104506017631353
6,3.48160346801247
7,3.1675095978934324
8,2.461735427406945
9,3.2879440233653523
10,3.5837113324113368
11,3.139453199042768
12,3.8811687156803076
13,3.024926425763751
14,3.1770037571541843
15,2.920080296340273
16,3.109783120634536
17,3.067691697660007
18,2.9501398702288544
19,2.904994239148067
20,2.1972245773362196
21,3.037549632595811
22,2.6264178653430537
23,2.626686195607331
24,2.959645680475043
25,2.8490376483103774
26,3.1102954120000312
27,2.858724509379119
28,3.67867349088621
29,3.0873581104174432
30,3.091042453358316
31,3.0287891443128423
32,2.9805572360896355
33,3.145824589010754
34,3.2732765765045935
35,3.572067266604634
36,3.344433730586518
37,3.1708572928970704
38,3.0998507950523226
39,3.1099424201293604
40,3.0003783456572948
41,3.023562745682005
42,2.9674245432665893
43,3.3093872512664935
44,2.757106220652372
45,2.735090659235581
46,3.317559776453831
47,2.8642589283920086
48,2.8168824529831356
49,3.379341256213279
50,3.6529724181911907
51,2.845001890044991
52,2.634384873315209
53,3.3092467159537824
54,3.794227370870602
55,2.804766318541869
56,3.5097891266667087
57,4.04472407893491
58,3.5221928437193974
59,2.825354231441779
60,2.940281919547246
61,3.2188758248682006
62,3.4525383439054664
63,2.9658311247318108
64,3.0170196605108655
65,3.832536376981701
66,2.8854091404761353
67,3.3021064096198174
68,3.079228856354109
69,3.2593537525758856
70,3.694747992665669
71,3.0677172144022706
72,3.258096538021482
73,2.6937442626999974
74,3.4412331440955
75,3.098760558163832
76,3.3624940522777473
77,3.2058388600386376
78,3.16206322903477
79,2.4849066497880004
80,2.5440910372389296
81,2.7491381730861746
82,3.3910490052609163
83,3.1850389741994727
84,3.6484996688128737
85,3.9064372595672117
86,2.610711413455119
87,3.250452756920258
88,3.6916900622742106
89,2.8001019662692643
90,3.044522437723423
91,3.1072838395404685
92,3.209211008242086
93,2.763868318260535
94,3.5957212950600774
95,3.846136869637654
96,3.1117601273425866
97,3.5092349846893733
98,3.576623816069851
99,3.162190190961088
100,3.452596051193178
101,3.1422545214177062
102,3.1019044310162958
103,3.0729854374639904
104,3.615372561587954
105,2.927888612371631
106,2.70805020110221
107,2.995732273553991
108,3.6613381698424217
109,3.2987527382871833
110,3.087174612555335
111,3.8311407098700436
112,3.2248349206466043
113,3.0634533932091674
114,3.477716131074092
115,3.2838880290199457
116,3.601295906099767
117,2.9777848874253845
118,3.027726988792212
119,2.908416514624877
120,2.323954696012758
121,3.2944432271963158
122,3.369070499000308
123,2.768542762453164
124,3.036006640644453
125,3.258096538021482
126,3.8384767313346853
127,2.378588076596352
128,4.214762681634777
129,3.1545339125036826
130,2.791897855767708
131,3.238879204563793
132,2.9167713781443307
133,3.0415389864712825
134,3.179374938136236
135,3.108897992869193
136,3.252653123949733
137,3.294067202269666
138,3.367295829986474
139,3.600916194869474
140,2.7671481327691287
141,3.0974596205702896
142,2.8238164166431257
143,2.8211823678119825
144,2.8656167971624567
145,3.236830432879762
146,3.0322796797859572
147,2.840191154223543
148,2.606125832543664
149,3.6666743332617813
150,2.8580269673164045
151,2.6980144666349455
152,2.5649493574615367
153,2.788396187037234
154,4.3472239640704435
155,3.111304164206085
156,3.526373568365275
157,3.5865112278848095
158,3.288845187396689
159,2.9444389791664403
160,2.9576940600946235
161,4.316497135988204
162,3.1112480299610166
163,3.0821112852434753
164,4.108452567723786
165,3.7497558676395966
166,3.0387493979451974
167,3.5863058712616596
168,2.2331316570803135
169,3.5576915034042083
170,3.8393326438570035
171,3.042778735679831
172,2.7069075110871426
173,2.8903717578961645
174,2.9470257206332944
175,3.5503433650319574
176,3.292247576690228
177,3.038441656087737
178,3.3548469901755125
179,3.1708784410108684
180,3.7191378946339833
181,3.4759240410893297
182,3.016706550825268
183,3.6097359248819294
184,3.2871611220697368
185,3.440542260906358
186,3.1589641341478454
187,2.2650468722746258
188,3.0743938851019665
189,2.964906482940812
190,3.1465086151923902
191,2.7921953856254094
192,2.5711349195394475
193,3.524665496091022
194,3.6519972730739605
195,3.558113212125475
196,1.8431555234878343
197,2.4091038604160633
198,3.2610705682017556
199,3.1589543670879103
200,3.616637825436647
201,3.435259827850773
202,3.1846037172590296
203,4.390654288237787
204,3.6705475257453375
205,3.2215447594137143
206,2.9115410722254778
207,3.494005860369664
208,2.922617615867016
209,3.423424106740324
210,3.614876686539411
211,3.5166929925410595
212,3.697011971642401
213,2.7406759140372237
214,2.8207232219576306
215,3.249816807755145
216,2.5116118937662275
217,2.6157346687701875
218,2.607849623104277
219,2.6992306358173
220,3.518503373127079
221,2.6390573296152584
222,2.750734803040723
223,2.5681299302635616
224,3.4457266370434985
225,2.7569092827916832
226,3.1593278210363858
227,3.1033776501213244
228,2.857768964211479
229,2.8903717578961645
230,3.191015641010914
231,2.8505741118327093
232,2.707421822541204
233,2.8321693238836523
234,3.1096869371097915
235,2.8847200583379657
236,3.0282106600888565
237,3.2384210341449915
238,3.13356798478445
239,2.9099827236359403
240,3.2188758248682006
241,2.95794173811519
242,3.293113008929933
243,2.7681293434738987
244,3.227646513670608
245,3.45204717670506
246,3.347327429622609
247,2.3957189431988506
248,3.2184792014282215
249,3.1780538303479458
250,3.336765673074794
251,2.4044622598419094
252,2.044012484136183
253,3.0955469678417327
254,3.2216338460989666
255,2.584127526730303
256,2.97213008389443
257,2.284979343926472
258,2.8930647546895147
259,4.027102866006212
260,3.810943422247424
261,2.994362245181631
262,3.270250912856729
263,4.000404619271537
264,2.841016656028483
265,3.7873420237032356
266,2.4843100991886997
267,2.620053135463915
268,3.13781966783228
269,3.2423011412967235
270,2.833213344056216
271,2.8797618707188772
272,3.241277133470551
273,3.483995556376034
274,3.0820744747609274
275,2.901320121898125
276,2.9277364358339466
277,2.686850994364178
278,2.920524053795952
279,3.1432256024837906
280,3.407257867257115
281,2.8402320499710694
282,3.441676635534361
283,3.323463443902081
284,3.060082122921592
285,3.628039128234415
286,3.9064567847315477
287,3.371065295549695
288,2.4849066497880004
289,3.0870253185864054
290,3.474135920447966
291,3.081710170922061
292,3.097946728014178
293,3.2734202903108502
294,2.648620478490111
295,4.05117031494843
296,3.249083165558507
297,2.833213344056216
298,3.431927181787786
299,4.221406558704737
300,2.8678610881774613
301,2.8308725360996045
302,2.4798298066660336
303,3.1519195237732025
304,2.5570833808941034
305,3.5914530707049077
306,3.0971263200713417
307,3.0387161210857587
308,2.821066303297936
309,2.963992515332986
310,2.66892665673793
311,3.3821886147195053
312,2.70805020110221
313,2.755674198933096
314,3.091042453358316
315,2.9871396923869336
316,2.7528553823311896
317,2.9926106713845058
318,3.216450614979937
319,4.109874539175221
320,2.736622799341073
321,2.1972245773362196
322,3.2382439846207647
323,3.0513294684039214
324,2.8072399488985846
325,3.3852631861911617
326,3.0792567352705453
327,2.70805020110221
328,3.3541595152688877
329,3.4375800590715206
330,2.3978952727983707
331,2.5249665368841456
332,3.645790780425019
333,3.1613607508616886
334,3.6127623508247964
335,3.3566161599012183
336,2.8859013310543786
337,2.829262791446611
338,2.9406498381221233
339,2.4139857605562414
340,3.0710162682153777
341,2.6390573296152584
342,3.31010211132683
343,3.1675526234183575
344,4.3423558813062755
345,2.6138773635255217
346,3.1458420464891677
347,3.493305852479054
348,3.23744631853117
349,2.8469565663909493
350,3.491744126593197
351,2.5563151840805145
352,3.146916324665037
353,3.3359842349763627
354,2.3975999811414335
355,2.9570943084972625
356,3.8072716155405364
357,3.0758007967049195
358,2.6779724890384347
359,3.6955251670669345
360,3.651369957322896
361,2.9782768603341165
362,2.6320117690011573
363,2.8777254880120062
364,3.611020322001828
365,2.8739972998948926
366,2.8709385865871044
367,3.501580934909417
368,3.0408841465536978
369,2.6577930987599263
370,3.518374711804084
371,3.40924140373005
372,3.4223493772637927
373,3.7591684596929027
374,2.9085723251225533
375,2.729072025850952
376,2.295165510278237
377,3.1520434672516955
378,3.3045031065644794
379,3.4600151997410715
380,3.212200310571862
381,3.1780538303479458
382,3.5318072626731265
383,3.2034096496045783
384,3.640867647817255
385,2.701876095972279
386,3.839358058263916
387,3.4999982599849813
388,3.318958905781508
389,3.088006071982183
390,3.0371492740132373
391,3.005744617749103
392,3.218070540277889
393,3.073309663746564
394,3.378425053166947
395,3.6277933237946764
396,2.9903803516333247
397,2.521186542800828
398,3.5902420812725917
399,3.1374112097008613
400,2.8130784971830383
401,3.1268686833065686
402,2.3874395535333823
403,3.289204143200196
404,2.7663223952034803
405,2.7677344049683317
406,2.967223862204853
407,3.3461189721333953
408,3.385976899736949
409,3.0699755670101716
410,3.279637983514755
411,3.0978949725360847
412,3.441987718875126
413,3.2898359448466374
414,2.833213344056216
415,3.0994059576086856
416,3.0882308074603313
417,3.457374794773631
418,2.830352179193701
419,3.287426206146872
420,2.7010169171311174
421,2.459807666916715
422,2.8405831399020807
423,2.785605179139182
424,3.157938402804941
425,3.452047211316628
426,3.091042453358316
427,3.518936747458946
428,2.947959456623803
429,3.596029014389162
430,2.736037848294378
431,3.0910811081130007
432,3.2179721938910055
433,2.3611311767135437
434,3.7601991774987384
435,3.2203291850355007
436,2.9320462375751233
437,3.388860252469955
438,2.968165914961161
439,2.7569428188318215
440,2.9886843825475466
441,2.692494655314541
442,2.752499454180019
443,2.8562509017001667
444,2.5191464562997403
445,3.460148806332421
446,3.2545747277693
447,3.016809647411587
448,3.026885000043128
449,3.1255875530398636
450,3.766118957360369
451,2.4554506430079766
452,2.5760410314133204
453,3.8923121522407893
454,2.6470291491123352
455,2.614110844615901
456,4.2770637130155
457,3.3347591846683553
458,3.148923083026278
459,2.9725982637537554
460,2.893692562305351
461,3.335876115030031
462,2.987670813216458
463,3.2880781780332633
464,2.828264897246404
465,2.8266031791538246
466,2.885338250674806
467,3.3749589723729088
468,2.7263441048390247
469,3.2463920852851897
470,3.030042763654319
471,3.289328578123553
472,2.6780546566971615
473,3.8242931719303663
474,3.0145359382765387
475,3.6740563812932687
476,3.1082486461427874
477,3.083997353938453
478,3.4742034243400233
479,3.1738599113840196
480,3.2440414126196937
481,4.102652979755016
482,3.3118014218022642
483,2.827174473989334
484,2.959065224155539
485,2.8182045797833815
486,2.603941302578964
487,3.368474105119704
488,2.455776812248359
489,3.71001579174187
490,2.815127779306803
491,3.1084941010423655
492,2.9678124748633157
493,2.7435528012514836
494,3.2717419262657956
495,3.2960346373220597
496,3.440023950704633
497,3.6559013564190734
498,3.4652535266039144
499,2.8831291372470287
500,3.6315302111407344
501,3.353751661744382
502,3.5560733826085094
503,3.541320092945073
504,3.8647171916073
505,3.199941626585486
506,3.7617983614832435
507,3.4249873649526883
508,2.7353798263779243
509,2.3978952727983707
510,3.013611211935619
511,3.8103718964757713
512,3.3214579787699874
513,3.1338173901105195
514,2.817473707702207
515,3.2079305156452516
516,2.9414527404715165
517,3.878921374109274
518,3.1950628461007584
519,2.4803733391385236
520,2.7301874043568723
521,2.832120792435063
522,3.030765655988521
523,2.9731045829336566
524,3.312662001784931
525,3.1160893763030084
526,2.973790550040265
527,2.5202976869045846
528,3.643231629028059
529,3.120074796348015
530,2.811674665791687
531,3.230403825634068
532,2.6390573296152584
533,3.0708245915238725
534,3.6208134126787233
535,3.618622627906998
536,2.9252727003294816
537,3.02707218303106
538,2.8728919688621777
539,2.8903717578961645
540,2.9613020422081022
541,3.1780538303479458
542,2.923604390233197
543,2.8551769438108927
544,3.0031994707247565
545,3.386751528366864
546,2.670353266884624
547,3.0894157676107814
548,2.480294477060433
549,3.2424109976967377
550,3.13737861141231
551,2.844172407655265
552,3.207205560050081
553,3.5302276812493028
554,2.663344720617996
555,2.6318118825841887
556,3.796251752100356
557,3.1046714663660597
558,2.833213344056216
559,3.2764994464111377
560,3.6106879267965937
561,2.7116756898335477
562,2.964924396838533
563,3.3324586060108374
564,3.2421659838100285
565,2.8242612871001977
566,2.762326702039144
567,4.024903444242364
568,3.3740041652549637
569,3.5587403061801948
570,3.044522437723423
571,3.1094205217939277
572,3.429252563966664
573,3.5905051785221285
574,3.0667567417880055
575,3.1338062383797682
576,3.280375955343021
577,3.4636545678114423
578,2.772588722239781
579,3.414183165717643
580,3.1328607165667814
581,3.3160381314536345
582,3.292808060754664
583,3.257590455763243
584,3.4810483290210104
585,2.8476869524060295
586,3.276516892303
587,2.884094896489267
588,2.7955502806886
589,2.5197916587686247
590,4.027650759358705
591,3.0556776320639463
592,2.637341778414918
593,2.692654314098777
594,2.758766353714405
595,2.806067235497083
596,3.015211244821031
597,3.071204430972086
598,2.652122802643065
599,3.056320709254936
600,2.6219857128890913
601,3.3478567120283547
602,2.9515651087611148
603,3.0411778899911273
604,2.8456602801202355
605,3.101690621481856
606,2.3415135348801286
607,3.505742216109529
608,3.581143597129794
609,4.047807193841894
610,2.6980663783609553
611,2.8903717578961645
612,2.328952427859958
613,3.2172016147514495
614,3.718256404508961
615,2.5946763176171603
616,3.225685123269684
617,2.5586871136945106
618,3.6355556820371646
619,2.3181766563457002
620,3.2008763635504907
621,3.436450592128658
622,2.0794415416798357
623,3.0879096179150767
624,3.257027300413208
625,3.0206810575031353
626,4.023824907502301
627,2.995732273553991
628,3.36877970715615
629,3.0820176927380163
630,3.0685777641261205
631,2.9686354506769566
632,2.6244758063113123
633,3.133931901962775
634,2.672395977509196
635,3.788761450886722
636,3.4272826257705065
637,4.058701369317769
638,3.210898588824554
639,3.1307468216941094
640,2.3544295858052657
641,3.030413619896471
642,3.470381179047478
643,3.2135975847918785
644,3.639256659967088
645,3.0510548688188104
646,3.2533729951604196
647,3.2801693165273993
648,3.698932862638181
649,3.2462066165794554
650,3.03421691137391
651,2.911218441035527
652,3.1179244184945993
653,3.359819679336346
654,2.677466741098215
655,2.638204909362283
656,3.125331587577081
657,3.444721757146588
658,2.4399548325602436
659,3.460305750778847
660,2.8726905819462614
661,3.6449626190306987
662,2.7676012984204075
663,3.4552336684469065
664,3.542447109526351
665,3.3656550891335186
666,2.6641800760441163
667,3.718944549057967
668,2.4406931730695494
669,2.984066539196785
670,3.714623268477264
671,2.791918169038105
672,3.127297436628318
673,2.975055644517235
674,3.240807597129584
675,3.2523475471301664
676,3.5096907558129
677,3.045735734361809
678,3.486818565082495
679,2.4714118352069274
680,3.6522293833843444
681,3.3148974029629374
682,3.7701621800430534
683,2.8996799663783155
684,2.8405475890999625
685,3.1536266935662765
686,3.1414272539185584
687,2.926003582317749
688,3.296472031765566
689,3.4185186691867666
690,2.944072407209838
691,3.4300226630197526
692,3.2674102123108755
693,2.8502885680898915
694,2.939528335228262
695,2.685807469877116
696,2.8549721780667383
697,3.2031912806192806
698,2.9624609324178297
699,2.3072342710383307
700,3.190478468155613
701,2.8107449617281395
702,3.1457244662414667
703,3.4555021062635896
704,4.051016366611881
705,3.1354942159291497
706,2.4349344470704293
707,2.471425940039499
708,3.1001455606038144
709,3.7686456422593984
710,3.345352503527363
711,2.7512489141611147
712,3.252896627142091
713,3.1118038988598005
714,3.044522437723423
715,3.533508027815368
716,3.317416484081143
717,3.6027668077598047
718,3.396588301549632
719,3.5091458167633105
720,3.010062643211566
721,3.011279431083
722,3.0001892914997006
723,3.0273686317137067
724,3.1671654901098383
725,4.196130406042561
726,3.0188514225572822
727,3.1664352097658637
728,2.7986698951493643
729,2.977929839577644
730,3.5912821077796244
731,2.8903717578961645
732,3.393744317729916
733,2.760271030859907
734,3.7729904596576693
735,2.6466310499032946
736,3.129040774264915
737,3.0713007150285123
738,2.377468410249862
739,2.6286873997067657
740,2.799876534159029
741,3.077736951686721
742,3.659307188407936
743,3.2049286408939377
744,3.56081381692682
745,3.1043068913767073
746,2.898806438078356
747,2.833213344056216
748,2.605214798381576
749,3.21575472021342
750,3.1540139332368855
751,3.4653507147450524
752,3.2772523581749455
753,2.8617337385508668
754,1.6955826080500367
755,3.967470927210554
756,3.215521765821962
757,3.2410307731882964
758,3.3850214137088046
759,3.4620944578522352
760,2.87518826475571
761,3.5718981760254205
762,3.675187514435331
763,3.1165876407362108
764,2.8568335641671183
765,2.8442388578370528
766,2.702067744806455
767,3.3329640870536785
768,3.554937400130235
769,3.276102647768398
770,3.0665088480116562
771,3.052841895615452
772,3.38359860096026
773,3.0737779844466364
774,3.94097754207609
775,2.8823097787269627
776,2.3875314820958606
777,2.4003319571525923
778,2.4849066497880004
779,3.0520485943275095
780,3.2024025489982355
781,2.772254731750242
782,3.3172853660138575
783,3.9224757089690816
784,3.1576439766025826
785,3.8243781723861674
786,3.430544529317944
787,3.1232868672472436
788,2.833213344056216
789,2.694727566920225
790,3.7968176301282215
791,2.8716585724943986
792,2.557815260891186
793,2.207259320199684
794,2.8457562271111154
795,2.385723720735989
796,2.8800118526777685
797,2.9628617897418503
798,3.3349481172985986
799,2.748656701659951
800,2.8173921770106696
801,3.4475622466886424
802,2.6838410999029176
803,2.774998382639604
804,3.036595422761506
805,3.251025412251974
806,3.7716050240756944
807,2.4269553405814315
808,3.3629493393675056
809,3.6767329472198367
810,4.436953058669726
811,3.306362855083396
812,3.143572038878869
813,3.225867445686165
814,2.3394491680015546
815,3.625489408619085
816,2.9444389791664403
817,3.6798789014007376
818,3.2931655907164235
819,2.8759471727210966
820,3.2835632857022428
821,3.320687229857861
822,3.296672230921103
823,3.56459687648153
824,3.399413802161147
825,3.7610653852979588
826,3.169884775517275
827,3.085755570996945
828,3.0668208073185093
829,3.0088210859881213
830,3.7941317832811987
831,3.8322275813017104
832,2.494974399544727
833,3.2163360058823347
834,2.425314645988464
835,3.3413729146885642
836,3.448425254020755
837,2.6708334087971712
838,3.6751218700769477
839,3.7326154812564822
840,2.6857084155936852
841,2.670737463433975
842,3.1900693796338366
843,3.295308971352555
844,3.3088963727221063
845,3.1123701915338096
846,2.9591904001043723
847,3.2855556459396054
848,2.9918325606003777
849,3.104209077639346
850,2.91294963615085
851,3.039049152515314
852,2.9065665132096505
853,2.8512604943376116
854,2.973504768837573
855,3.001320666671607
856,2.327813088726591
857,3.290882425305332
858,3.5725911318318544
859,3.183847205346126
860,2.874950214908693
861,3.2019837114888356
862,3.6360306304145316
863,3.6948821076018272
864,2.9631942377239158
865,2.805197148056704
866,2.79765978612587
867,2.9999241751917016
868,3.260339733376406
869,2.8212853066218835
870,2.969650795460653
871,3.1780538303479458
872,3.094189292159587
873,2.4849066497880004
874,3.303942392225598
875,2.9305267110495534
876,3.1463372054652265
877,2.7514263181161693
878,3.654788677700555
879,2.628611731663392
880,3.029443584248383
881,3.739166105824171
882,2.733801680340032
883,3.2019830295720175
884,3.0648891602816115
885,3.272268427905516
886,2.8054474876438675
887,3.0003282626520003
888,2.726933436835393
889,2.6694335140793544
890,3.218428792799144
891,2.8497272564377485
892,2.699295356295262
893,3.026495632336382
894,3.2312250520997474
895,3.438800746028126
896,3.1095101953269872
897,3.7815813910518408
898,2.70805020110221
899,3.526805946250084
900,3.2048452137511507
901,3.662830739004173
902,3.1711247005221197
903,3.2718816009618537
904,3.7182719946343643
905,3.5992401167831383
906,3.5661537790097264
907,2.7505925536604727
908,2.79739855924157
909,2.4441169223493238
910,2.329994417571167
911,3.171185069972175
912,3.3217912421883895
913,2.277080790981271
914,3.29334068840016
915,2.8619575074741856
916,2.2531596224830577
917,2.841592453179794
918,3.0229123890049956
919,2.7370689043927707
920,2.6512048941188597
921,2.9671565799866584
922,3.0370969500848632
923,3.720167549833998
924,2.8146653676167745
925,2.487510670085749
926,3.355422774390948
927,2.781642488577798
928,2.6902305152392514
929,3.780336148246498
930,2.9473795732359305
931,3.33203639231755
932,3.042817898471812
933,3.123398755792539
934,4.010727685844094
935,3.325404369576506
936,3.091042453358316
937,4.100384307524322
938,2.5285472055326443
939,2.91354761314933
940,3.440718242174878
941,3.2221083092956917
942,2.995732273553991
943,2.5182865573781643
944,2.360620940762676
945,3.218867372216987
946,2.7034424099602523
947,2.8706854596605407
948,3.0315089720423747
949,3.2863244569166077
950,2.833213344056216
951,3.3537100645526445
952,3.303298354128313
953,3.252018853194173
954,3.5501680913443825
955,2.961816668626046
956,2.4849066497880004
957,2.5649493574615367
958,2.418265785722293
959,3.1250433222083567
960,1.9459101490553132
961,2.887645368601729
962,3.3405999908732924
963,2.9171363340612624
964,3.067326180727172
965,2.772588722239781
966,2.6023713371031842
967,3.2410132714805178
968,3.1306065362251427
969,2.5830199053282605
970,3.2053893929534323
971,2.8614796742318087
972,3.322147965798517
973,3.230072880633535
974,2.977443707511856
975,3.1672198188562235
976,3.105919241949118
977,3.3113759083108176
978,3.619061965923812
979,3.1801966755015445
980,3.2043557484905474
981,3.08604059821761
982,4.323511282465968
983,2.522444545840829
984,3.3264398074408623
985,3.4681852100775927
986,2.770015319682742
987,2.5266465650966157
988,3.6958769836219254
989,3.9146058128044676
990,3.2630010094099604
991,3.5377016791741394
992,2.766097270130681
993,2.890763467767706
994,3.09077969006042
995,2.830931075911241
996,2.8253181100533427
997,3.2488232303052396
998,3.3563507796667187
999,3.4758556761455104
1000,2.948677977054738
1001,2.984896340288982
1002,3.145303171146069
1003,3.3101812047935657
1004,3.156800223424355
1005,3.607400572802836
1006,2.752780575550143
1007,2.458739578037801
1008,3.2096561700686035
1009,2.790995843253248
1010,2.9204676896958084
1011,3.3266872888570695
1012,2.7046639605164366
1013,2.9951301277554823
1014,3.2445250114995328
1015,3.494448333459801
1016,3.605202724156148
1017,3.0692085921746246
1018,3.1198526456342695
1019,2.620833158790952
1020,3.102255562791221
1021,3.21862837855482
1022,3.1656476547786103
1023,2.9371490766393085
1024,3.7981033539271394
1025,3.093325296030515
1026,3.3963810142099082
1027,2.5878749386234143
1028,2.224954674748638
1029,2.1955794672404507
1030,2.981684965238952
1031,3.340931102148195
1032,2.9856625435229667
1033,3.421800020994495
1034,3.0727732410134916
1035,2.67344236691547
1036,3.46512634793497
1037,3.107786080054191
1038,3.111828939108876
1039,3.044522437723423
1040,3.2692312476779386
1041,3.2064856949628835
1042,2.7555794633378596
1043,3.2702543786141223
1044,3.2020878477517702
1045,2.9116279118086688
1046,3.167192500812193
1047,3.6833473055991965
1048,2.9766735210669264
1049,3.818661851913843
1050,2.6241205298139483
1051,2.7823337131252135
1052,3.7157966410239855
1053,2.8420830300838418
1054,2.3978952727983707
1055,2.74291466813052
1056,3.353206743498996
1057,4.2496167244708225
1058,3.3159453326840596
1059,3.189244693063886
1060,3.2636850617751194
1061,3.179315751859024
1062,3.6199405363652644
1063,2.9224861230433485
1064,2.3978952727983707
1065,3.3652960674167356
1066,3.0347149060039498
1067,2.818336202597742
1068,3.089107672449127
1069,2.676787344294143
1070,3.2018597017344
1071,2.8327033913835926
1072,2.4808788141812093
1073,3.8560656570025187
1074,2.291092473251871
1075,3.501387417015997
1076,3.149601939446954
1077,2.707018357768418
1078,2.8745635841250285
1079,2.9343103052193027
1080,3.1336624012513927
1081,3.097094381002238
1082,3.4401744134860572
1083,3.029254916361599
1084,2.8772140791301153
1085,2.888508740457403
1086,3.682590507446063
1087,2.7899893388052925
1088,3.473142945361343
1089,3.134252597347408
1090,4.011765667551185
1091,3.1354942159291497
1092,3.06606605121827
1093,2.6251418689073893
1094,3.285126207735168
1095,3.2813361019414753
1096,3.072963468737421
1097,2.8569008746971085
1098,3.267559453148573
1099,2.8707503171389965
1100,3.0506230549091504
1101,3.60529774842291
1102,3.3895649133187393
1103,2.8903717578961645
1104,3.0849567231130206
1105,3.263048294676432
1106,3.2561694210523626
1107,3.323639819254347
1108,3.821503184576598
1109,2.637045859077212
1110,4.029059523536434
1111,2.5649493574615367
1112,3.2183703740130167
1113,2.9458758588070717
1114,3.4589883737621463
1115,2.9849156239549184
1116,3.661676700045115
1117,3.5606388362788954
1118,2.70805020110221
1119,3.085570787177723
1120,3.1354942159291497
1121,2.319089709538021
1122,2.823794710496698
1123,3.092162851534365
1124,3.0500055382149016
1125,2.772588722239781
1126,2.977900546948843
1127,2.8903717578961645
1128,2.826114327957721
1129,2.1972245773362196
1130,3.3518196531528037
1131,2.752464252344356
1132,2.759585409050631
1133,2.4438856395506368
1134,3.006405361585074
1135,3.319373510795154
1136,3.122961986215255
1137,3.38552007498207
1138,3.393593513762612
1139,2.880507785354213
1140,2.931691785950436
1141,3.6730817717814737
1142,3.2347690017287043
1143,2.9497918763430446
1144,3.0180678400752576
1145,3.0312872143491254
1146,2.9367400243137465
1147,2.706512492118661
1148,3.074163018394406
1149,2.871829579992953
1150,2.702842467963293
1151,3.1354942159291497
1152,3.0546880358412087
1153,3.9245178047804963
1154,2.721751028049548
1155,2.9751106154544216
1156,3.7357408380332786
1157,2.5691514565752414
1158,3.426923743972206
1159,3.571067299317762
1160,3.480154563921701
1161,2.4849066497880004
1162,2.8542518771513907
1163,3.129535934521826
1164,3.2838022002590206
1165,2.9609507260386914
1166,3.0224893945687588
1167,3.603750390641961
1168,3.269370772416421
1169,3.0649667689208635
1170,3.2996909840091297
1171,3.41249772241945
1172,3.8085499849630224
1173,3.4339872044851463
1174,2.8843796927434195
1175,2.316297037398617
1176,2.833213344056216
1177,3.4107878777943257
1178,3.0085167399036243
1179,2.6240941113650402
1180,3.216280015608913
1181,2.978932446642774
1182,2.9676457346811773
1183,3.0024293544286187
1184,3.183990549165525
1185,3.2187407286891907
1186,2.91428680188587
1187,2.833894117570856
1188,2.8325121243234217
1189,2.9444389791664403
1190,2.774535048658296
1191,3.625470929193666
1192,3.2897018624093297
1193,3.7867686086965335
1194,2.833213344056216
1195,3.226800092992114
1196,3.2500851694045307
1197,2.8323650036081456
1198,3.4244235170542403
1199,3.422484558577939
1200,2.721214569261233
1201,3.841674272682801
1202,3.282909401401513
1203,3.5110634601261013
1204,3.396260112002499
1205,3.4442074186206746
1206,3.449561830247895
1207,3.335386890035408
1208,3.2084848831541817
1209,3.153822227611631
1210,3.2706265303942272
1211,3.039160849871335
1212,2.9028699034083902
1213,1.9459101490553132
1214,3.293742782615042
1215,3.0827512428525594
1216,3.102253850952955
1217,3.017698729047736
1218,3.26172210481687
1219,3.020248535620938
1220,2.8586317863686164
1221,3.405815759063195
1222,3.604015055472805
1223,3.5488469752500476
1224,2.9940712583109366
1225,3.9216228395977373
1226,3.0225366675425116
1227,4.031895264660493
1228,3.1888943566323364
1229,3.6131988961041115
1230,3.1771856009883703
1231,3.5420613697689323
1232,2.987991326544653
1233,2.8768756370026782
1234,3.215776905848238
1235,3.2490062610196877
1236,2.824061346450279
1237,2.824086094620655
1238,2.7520681773271325
1239,3.4862073347678084
1240,2.7049873714196253
1241,2.9675968376913757
1242,2.6559221196821
1243,3.2931832634931264
1244,2.551844228250683
1245,2.9444389791664403
1246,3.008400956795272
1247,2.4689983746174353
1248,3.538247342183674
1249,3.0286354339521515
1250,2.9096025998935464
1251,3.3718414379192985
1252,2.6700886225055758
1253,2.7635059148518764
1254,3.605065175460298
1255,3.080077976301179
1256,3.1699389689012247
1257,3.3921643578294662
1258,2.7046930768653286
1259,2.7729077145633285
1260,3.0748048797654457
1261,2.8970022398899635
1262,3.0491744062110153
1263,3.4424753691670356
1264,2.6097771745125797
1265,3.044522437723423
1266,3.811485482656973
1267,3.1030015020675523
1268,3.8100431484270403
1269,3.426479643487785
1270,4.046233335448478
1271,3.3132287067993995
1272,3.335699506263377
1273,3.55096934598635
1274,2.9516581156039114
1275,2.9705519635011464
1276,2.5974174905564134
1277,3.7139246768020477
1278,2.397089684509302
1279,3.3231181531396783
1280,3.907165576076411
1281,2.3885098515264924
1282,2.870680201777374
1283,4.054738815140404
1284,3.0866772345934157
1285,3.1067626147586167
1286,3.543662706971331
1287,3.0716986565542466
1288,2.972002720981812
1289,3.6326958969444414
1290,2.9210804681691194
1291,2.6189829467257275
1292,3.290891643298238
1293,4.029276847582143
1294,2.9653015086467995
1295,2.800626129378161
1296,3.1973761012733126
1297,2.9180985061433673
1298,3.2966191554768614
1299,3.1801963037431578
1300,3.4909833557976593
1301,2.8973337110279287
1302,3.8444973889630525
1303,2.973201424788466
1304,3.329857017854234
1305,2.5585741471726515
1306,3.28983776848923
1307,3.1882860610836463
1308,3.7209211325358966
1309,2.634223430016609
1310,2.6263366296378683
1311,3.0317978494674214
1312,3.7540287313582636
1313,3.2754884363397956
1314,3.2391333275692844
1315,3.282229954274942
1316,4.026376800622974
1317,2.592359564661399
1318,3.1748877161686435
1319,3.7024660159799985
1320,3.627008471565916
1321,2.7035484472747178
1322,3.6713640580587183
1323,3.324776693078346
1324,2.915963781144286
1325,3.3082534902769267
1326,3.714740964717284
1327,2.936429369945361
1328,2.869520018820446
1329,2.5958925637758887
1330,2.609755558679719
1331,3.252095397257497
1332,2.792607242731056
1333,2.1972245773362196
1334,3.2582114744004707
1335,3.2969447583664984
1336,2.964849892266555
1337,3.1298827610743647
1338,3.109507694731455
1339,2.7661623540594995
1340,3.098060393574999
1341,2.6880148251673854
1342,2.935105314691222
1343,3.356471906273133
1344,3.0874010818049356
1345,3.172121928613361
1346,3.205664831937082
1347,3.1764394253088954
1348,3.1251156066539876
1349,3.196879943095033
1350,2.892882795188983
1351,2.884815709125436
1352,2.954104741071494
1353,2.3503538126673176
1354,3.1636780781185028
1355,3.0738469779073694
1356,3.2927562804428945
1357,3.7368041079541414
1358,3.6060640242116886
1359,3.1933977310530635
1360,3.018164597757601
1361,3.313038118637944
1362,2.8114304759739426
1363,3.6865980464035255
1364,3.5130565942497465
1365,2.703528872258896
1366,3.206302267978233
1367,3.69478245200125
1368,3.132446332987871
1369,3.17397110793005
1370,2.584073580995117
1371,3.2263101685719406
1372,3.0491381532887996
1373,3.1335061382790563
1374,3.3537772700452626
1375,2.9900942579526824
1376,3.1291782704433344
1377,3.1814654200828847
1378,3.31864809272572
1379,2.5266584030525934
1380,3.92517276824988
1381,3.1493449380167076
1382,3.5772809866286446
1383,2.8237909501373473
1384,3.1741542933698583
1385,2.9444389791664403
1386,3.9206863419207427
1387,3.6530355131387577
1388,2.9539906869908616
1389,3.43600534393962
1390,3.558173385332969
1391,2.7718977344566786
1392,2.9642371377174603
1393,3.525043593904043
1394,3.879645017129471
1395,2.8265972403842032
1396,2.819632375965843
1397,2.624491142450695
1398,3.1162871616750385
1399,2.976810515910813
1400,2.489781030918527
1401,2.9564619253748985
1402,2.6390573296152584
1403,3.189650955534828
1404,3.059960732345457
1405,2.8720945902497412
1406,3.360116046692814
1407,2.658780347674836
1408,3.6971310540188598
1409,3.2108091433664323
1410,3.198275959916849
1411,3.4836989435655132
1412,3.0476373809952393
1413,3.3135593572731743
1414,2.8244138029994295
1415,3.469818917889835
1416,2.716659598775223
1417,3.490951683383539
1418,3.391814662861497
1419,2.67390586515647
1420,2.90607902856832
1421,3.040363278535827
1422,2.772588722239781
1423,3.566964449512971
1424,3.1969019515556254
1425,3.3383854007125495
1426,3.428407593775499
1427,3.422935658297965
1428,3.279805440456743
1429,3.171312818578858
1430,2.627659460514001
1431,3.2183888080727425
1432,2.737934084380555
1433,3.3365615876832284
1434,3.0079931771494888
1435,2.6384920254266278
1436,3.2601758709112363
1437,3.102585176546301
1438,3.5604981221996854
1439,3.686135281291509
1440,3.2079536193541793
1441,3.3642845414397025
1442,2.9693442702476784
1443,2.9141800520302383
1444,4.047984690218739
1445,3.5782485634421444
1446,3.173997657776953
1447,3.2188758248682006
1448,3.243101723455883
1449,3.065390970757843
1450,3.0986167819884276
1451,3.886190463901428
1452,2.9651251863980335
1453,2.4383978876817873
1454,3.6121175601550983
1455,3.513707101809855
1456,3.7136997529310753
1457,2.978022508955603
1458,3.626273155284855
1459,3.1780538303479458
1460,2.87936945221346
1461,3.2510006472313866
1462,3.144074314314588
1463,2.8968159547967196
1464,2.0787510653603745
1465,3.91334956365721
1466,2.5546151180872925
1467,3.3937506840040848
1468,2.3994645307910263
1469,3.3960265771403217
1470,2.9444389791664403
1471,3.179162606041446
1472,3.059979660939137
1473,2.324597720875045
1474,2.6269849389333997
1475,3.202641220388701
1476,3.2906618995133567
1477,3.374403498780771
1478,2.7052937368454555
1479,3.433354083932677
1480,3.390425455377289
1481,3.0387311515875823
1482,2.9779471175491925
1483,3.5685398914075996
1484,3.220483299440968
1485,2.267760838026386
1486,3.4264086745185054
1487,2.7859978604384446
1488,2.833213344056216
1489,3.5951454350549623
1490,2.4633566196112837
1491,3.3753806984001304
1492,2.4849066497880004
1493,2.6125670255234543
1494,3.316933532926116
1495,2.4413026246383187
1496,3.1635020893540857
1497,3.0347910991186793
1498,2.7228492073879935
1499,3.9873162434278777
1500,2.6706644445523424
1501,3.3818390391582582
1502,3.0771129404940614
1503,3.233893973835608
1504,3.289114210737799
1505,2.951292097355964
1506,3.841830006371941
1507,3.4280741760743565
1508,2.8940790035293125
1509,3.243470923523752
1510,3.1485913412250333
1511,2.8903717578961645
1512,2.7632457239244688
1513,3.326956439426003
1514,2.972060975076076
1515,2.9113810640874456
1516,3.200984674744565
1517,3.227124686134161
1518,3.148401504967919
1519,3.8707013908874184
1520,2.8578547517107054
1521,3.388204601186689
1522,3.2954333318295115
1523,3.0371509028526504
1524,3.351821263259521
1525,2.867443436515779
1526,3.3469909355000533
1527,2.776318968617196
1528,3.202465802562281
1529,3.0214528867470465
1530,3.056395337161575
1531,3.3726570093099464
1532,2.99842085451463
1533,2.4849066497880004
1534,2.283970123206069
1535,3.162858461684317
1536,2.932008717061077
1537,2.9236796100088873
1538,2.4819405036894553
1539,3.052761310560313
1540,3.268372406956614
1541,3.135281211317635
1542,2.815652050321174
1543,2.7810812723015688
1544,2.9534860007898525
1545,3.6039640288914434
1546,3.1363153509666253
1547,3.4843459117349793
1548,3.1451854530070342
1549,3.2100057347853572
1550,2.428938361776409
1551,3.0599500829379913
1552,2.95725262271125
1553,3.190851821174611
1554,2.509702509843201
1555,3.082470365869606
1556,3.033196060112717
1557,4.184710146806185
1558,3.3291151225277624
1559,2.634058417781879
1560,3.5143744809505266
1561,3.1423097330216088
1562,2.9066295320832505
1563,3.407382926898984
1564,3.353790562313072
1565,3.064676784021134
1566,2.6390573296152584
1567,2.97547212163157
1568,2.9601568928525395
1569,2.954059823559847
1570,3.230771913153002
1571,2.394195837317766
1572,3.7212603182282127
1573,2.95673098626836
1574,3.242631020299191
1575,3.238012055228583
1576,2.7456966236435196
1577,2.879576201740556
1578,3.6353508468650775
1579,3.3443025412292333
1580,3.4388790972228067
1581,3.489665923243556
1582,3.166710410916656
1583,3.1780538303479458
1584,3.201513360595831
1585,2.699874365280948
1586,3.108272545368201
1587,3.4827164049351245
1588,3.4502684878627483
1589,3.688527227073207
1590,3.1280805674044196
1591,3.430452902134634
1592,2.9958925819452347
1593,2.9661455377848727
1594,3.517876586377212
1595,3.0816736413566916
1596,2.6611754256463978
1597,2.932302957828259
1598,2.700794039626109
1599,2.5591346916761633
1600,2.7538172326904737
1601,3.038733562787846
1602,2.7680303579904564
1603,2.8232558244897037
1604,3.2996134454718353
1605,3.1879380659224523
1606,3.0756361865358226
1607,3.6128445313372017
1608,2.782412780305199
1609,2.559555963263154
1610,2.7659072101518896
1611,3.2912503848012777
1612,3.183666184276824
1613,3.901929217148631
1614,2.9585692932045826
1615,3.5858934175227795
1616,2.6390573296152584
1617,3.050663507805476
1618,2.6802211307893296
1619,2.8843625540783067
1620,3.1582495215216624
1621,2.7519958866504326
1622,3.3808430544065096
1623,2.995732273553991
1624,4.031787664906726
1625,3.044522437723423
1626,3.346704053857703
1627,3.4199871268829405
1628,3.473129626651974
1629,2.9294931447162824
1630,3.1166828455484232
1631,4.220415826844292
1632,3.3731203404680263
1633,3.3371068141827114
1634,3.069093683430775
1635,2.5535881248064007
1636,3.3546607151848975
1637,3.874813361391987
1638,2.70805020110221
1639,3.021676331088963
1640,3.459395067198695
1641,2.7506217311704795
1642,3.216770553992125
1643,2.6390573296152584
1644,3.326514579487987
1645,2.8470442227369475
1646,2.9187787581324294
1647,2.9559254663695578
1648,2.7365005534370517
1649,3.212799629994727
1650,2.8647251055109444
1651,3.5031563801270416
1652,2.8862709976642993
1653,2.823473680021661
1654,2.70805020110221
1655,3.0276302718351236
1656,4.166051044169918
1657,3.477897491108826
1658,2.759839836383258
1659,3.606473674614332
1660,3.266338537187967
1661,2.9173418136778606
1662,3.539817463367443
1663,2.465766311402167
1664,2.862988549195722
1665,4.123714077802116
1666,3.254250476745396
1667,2.9949277984724576
1668,2.365105713833507
1669,2.70805020110221
1670,2.70805020110221
1671,3.5697672853879663
1672,3.509749675029254
1673,2.2857505133354614
1674,3.2072867109448553
1675,3.9031634987310295
1676,3.148565285402289
1677,3.446295658981753
1678,3.291651392261267
1679,2.9268339780429873
1680,3.0874361582246483
1681,3.366892931077027
1682,3.6421408206763193
1683,3.845567647886743
1684,3.4185678695928243
1685,2.9417277350990556
1686,3.1762427489707576
1687,3.067671882799928
1688,3.3758985555318013
1689,3.462949960533417
1690,2.8142979387687674
1691,3.3418146334015044
1692,2.9567226664521646
1693,3.1780538303479458
1694,2.9398937627864137
1695,3.5153841893779614
1696,3.5511726370447003
1697,3.32991833856271
1698,2.823001609356738
1699,2.5649493574615367
1700,2.919967900847118
1701,2.7533601402558987
1702,3.256651879793458
1703,2.8842152555108242
1704,3.5827985070499837
1705,3.073798095173731
1706,2.883028825168006
1707,3.2529529431943116
1708,2.617336076147137
1709,3.1823555588128682
1710,3.654924386056767
1711,2.8133849252806855
1712,2.927781641088542
1713,3.141044931969374
1714,3.070150390367592
1715,3.441382133419226
1716,2.9129767461417697
1717,3.295836866004329
1718,3.1008723898588397
1719,2.8216457351581057
1720,3.2761709113495026
1721,3.2188758248682006
1722,3.0680138516311386
1723,2.8903717578961645
1724,3.2403873753814776
1725,2.4849066497880004
1726,3.0902294141829207
1727,2.8574750546688126
1728,3.2934716223191374
1729,2.6540647556399586
1730,2.468009011275598
1731,3.6812360465852945
1732,3.118837427299298
1733,3.8970184370498755
1734,3.557563141625662
1735,2.8265280647593327
1736,2.991024429378651
1737,2.7854299828123437
1738,2.9735364383106164
1739,3.0802183533902228
1740,3.053021233299026
1741,3.00568121594281
1742,2.1857329310362936
1743,3.5550293713159467
1744,3.3791820906677046
1745,3.129892818468001
1746,3.518351096074422
1747,3.3802113507601184
1748,3.3466839794819943
1749,3.314934335963108
1750,3.7909214468690675
1751,3.24132024826515
1752,3.6749469841450524
1753,2.308348246495003
1754,2.948180059793735
1755,2.995732273553991
1756,2.611893932316504
1757,3.195065301928124
1758,3.4846632310733443
1759,3.1069061157355953
1760,4.1871030631954795
1761,3.391598126860356
1762,3.310819069166158
1763,2.992892679302096
1764,3.036534255052058
1765,3.0484552492631543
1766,3.178075250339213
1767,3.4767536096359115
1768,2.918998826867053
1769,2.99093039374035
1770,3.5212070182792097
1771,2.8232223870010182
1772,3.0341659186520737
1773,3.0869226544938515
1774,2.6888742570455513
1775,3.887631320956718
1776,3.5989229152425373
1777,3.1777625261962323
1778,2.173444063113487
1779,2.7879401531896937
1780,4.112977900085653
1781,3.17271234647347
1782,2.7684911843776705
1783,2.645678847098647
1784,3.1166682696836863
1785,2.7379313791841513
1786,4.0572917999629885
1787,2.968390721509973
1788,3.047216390006847
1789,3.0794044919483046
1790,3.3607608265119073
1791,3.0440426120513653
1792,2.964193641494571
1793,2.8704296785483923
1794,2.8499692203811255
1795,3.430057039104027
1796,3.4794723336382805
1797,3.541155519844794
1798,2.743070432577095
1799,2.9717611590617903
1800,2.995732273553991
1801,3.3218717759608656
1802,3.441205475633605
1803,3.6947792995009308
1804,3.153621175205109
1805,2.3978952727983707
1806,2.912702365696068
1807,2.854542402044329
1808,2.9239688014436735
1809,2.7471071183135862
1810,3.547847226666188
1811,3.2719207717016094
1812,3.1257242905525366
1813,3.195748444896115
1814,3.0971129796945847
1815,3.2870545968448943
1816,2.4234310705602455
1817,2.9184122836870254
1818,3.421683791914536
1819,2.702867955638324
1820,3.2588970703086804
1821,2.556590133650896
1822,2.8651730501414816
1823,3.2475501644844487
1824,2.9444389791664403
1825,3.540896469618884
1826,3.214918579162744
1827,2.6292144080975395
1828,3.0441142998871458
1829,2.8925948338651306
1830,3.2404024646933935
1831,2.709695021283873
1832,3.0610397313257853
1833,3.038612763876578
1834,2.8817272897715718
1835,3.1008935937741464
1836,3.046264732759749
1837,3.0959889664444544
1838,2.70805020110221
1839,3.1637447960366774
1840,3.276081674563439
1841,2.7055220240541145
1842,3.374808691182125
1843,3.080162868080003
1844,3.042226435739802
1845,3.472180788606749
1846,3.994260607308552
1847,2.532771012515546
1848,2.8443059445447534
1849,3.416381687297288
1850,2.974170638015672
1851,2.3961783642536227
1852,2.5638611938641858
1853,3.1997713681671534
1854,2.857201085623149
1855,3.3108421421026453
1856,3.0437562400028275
1857,2.76453324929312
1858,2.631714097373641
1859,2.8526524898945422
1860,3.254130013467757
1861,2.9004527197308474
1862,2.9871984081240632
1863,3.6549690451805326
1864,2.6530829365672055
1865,2.9202406153971103
1866,3.033693872412356
1867,2.8499068541488537
1868,3.387870200671879
1869,2.725075705060693
1870,3.8156147444085255
1871,2.9174002703663255
1872,3.1100281781454404
1873,3.044068981689225
1874,3.187354019496634
1875,3.2047982620965496
1876,2.6164484554894565
1877,3.4777599189724646
1878,3.6842579995442084
1879,2.9337007322890813
1880,3.2093993982927738
1881,3.228942417657463
1882,3.523426319511049
1883,3.1032932324448534
1884,2.711636784854216
1885,3.0968918076020064
1886,2.8549120598993207
1887,3.2234872108784307
1888,3.2739079924932617
1889,3.5487117802360872
1890,2.9917225409753128
1891,2.8476985843705394
1892,4.105357405895215
1893,3.2519634760197853
1894,3.2026114064554028
1895,2.730696008003478
1896,2.8148460807008258
1897,3.482185459016023
1898,2.744594980508643
1899,3.8391015587959867
1900,3.3925978269376875
1901,3.7007178983759013
1902,3.4311359250512337
1903,2.940335062304062
1904,3.9895629623556608
1905,3.493588179517431
1906,2.9444389791664403
1907,3.072612854246166
1908,2.753910029714739
1909,3.558508977479258
1910,3.211592090152851
1911,2.7847170585883507
1912,2.8194568579331967
1913,3.7100720230152273
1914,2.651842132834502
1915,3.087638534084071
1916,2.7791688881986927
1917,3.9383760280412696
1918,3.798761781709069
1919,3.4708570660916056
1920,3.3507985277795322
1921,3.2434011667379683
1922,2.4849066497880004
1923,1.9968496433525906
1924,3.4628132034334653
1925,2.9675608464249197
1926,3.630831354420282
1927,3.4758716339010327
1928,3.1245127700425694
1929,3.467276746458818
1930,3.096226945127588
1931,3.1484186406309393
1932,3.668617721845937
1933,3.7934108297382574
1934,3.444759771936308
1935,2.459289615537812
1936,2.97431095254812
1937,3.213273930868415
1938,2.7319080749003777
1939,3.236411182630028
1940,3.1233123811305084
1941,2.867422362558186
1942,3.6100928696349173
1943,2.435130711191178
1944,2.912501125203602
1945,3.7211426748540104
1946,3.4769797261490556
1947,3.034862920973499
1948,3.254774773896038
1949,3.4233256711682394
1950,3.0438362200783877
1951,2.655718768692817
1952,3.1522924833345716
1953,3.0584335256613135
1954,2.674205083477557
1955,2.9996365572927237
1956,3.184268175043493
1957,3.2546421823310654
1958,3.367295829986474
1959,3.1998625104216893
1960,2.7063851689413587
1961,2.965106482242912
1962,2.930829937187424
1963,3.532994443417495
1964,3.1965474436775048
1965,3.2328309337539776
1966,2.8147149759060106
1967,3.361839877529802
1968,3.1159364906679836
1969,3.2188758248682006
1970,3.092990332624999
1971,3.29421644027022
1972,2.752540578242331
1973,2.8621967991880513
1974,2.7501565252989426
1975,2.771443357420781
1976,4.052686978509072
1977,2.9090770885309833
1978,2.821051124339544
1979,2.821620290842275
1980,3.6312072337897554
1981,2.7721553414525055
1982,2.6992747614377746
1983,3.1074123538708487
1984,3.4690393808753965
1985,2.9739457350636798
1986,2.6390573296152584
1987,2.5649493574615367
1988,3.171039261204424
1989,2.6951018049345765
1990,3.3719383953724926
1991,3.197254427243072
1992,3.107687427047329
1993,2.9920859091196452
1994,3.2331657334113486
1995,2.7480542414500646
1996,2.9570936524380858
1997,2.7478274096993593
1998,3.204954549453482
1999,3.182917446267626
2000,3.659654940483747
2001,3.066382322820778
2002,2.8558531018603035
2003,3.4362993726408906
2004,3.16221899188375
2005,3.109669046574858
2006,3.258837832579777
2007,2.6639886961034205
2008,3.003940540639852
2009,3.265294933812883
2010,3.1647855251629196
2011,3.5885924853827817
2012,2.836984953411595
2013,2.815657015839266
2014,3.0079523192052533
2015,3.2165703166237756
2016,2.510816010206101
2017,2.5151187135885555
2018,3.1739505519337583
2019,3.2877839090164924
2020,3.1686334328351347
2021,3.098593850236443
2022,2.9744045213872723
2023,3.52616364002547
2024,4.1248969800927116
2025,3.129915979285753
2026,3.42523597561293
2027,3.200697242885864
2028,3.392672610544201
2029,3.4465884360456593
2030,4.007102889312239
2031,3.085533156768366
2032,3.2278236690129956
2033,4.097409851802455
2034,3.2818170230343386
2035,2.6244097471878525
2036,3.258282206473904
2037,3.5533536176775913
2038,3.2558742747034226
2039,2.401719773874069
2040,3.0429619786465327
2041,3.0515515488950045
2042,3.479207090038223
2043,2.5649493574615367
2044,2.908001448295473
2045,2.974871042777553
2046,2.8854410111592004
2047,3.062299793075081
2048,3.145990956333567
2049,3.202968369939972
2050,3.294446774984896
2051,3.2914349840218984
2052,2.866904539430475
2053,2.832620902752694
2054,2.8903717578961645
2055,4.181614183161232
2056,3.4117174270642887
2057,3.5507848310091505
2058,3.1073077658415738
2059,3.189259984630789
2060,2.8262253082422117
2061,2.6802176424348647
2062,2.959046550950341
2063,3.1535019434443883
2064,3.338163931941081
2065,2.7337395992005185
2066,3.551433871737076
2067,3.1129643169783474
2068,2.8635522359726524
2069,3.58977017941804
2070,2.7902738505635476
2071,3.4584594638119137
2072,3.5165040391623226
2073,3.1266344682598137
2074,3.3043788322158414
2075,2.173000093860284
2076,2.7025364721156966
2077,3.0485999842459273
